name_variant,canonical_name
B. Antonacci,Biagio Antonacci
Coma_Cose,Coma Cose
"[Elio, le Storie Tese]",Elio e le Storie Tese
Elio,Elio e le Storie Tese
le Storie Tese,Elio e le Storie Tese
"[Cochi, Renato]",Cochi e Renato
Ricchi,Ricchi e Poveri
Poveri,Ricchi e Poveri
"[Ricchi, Poveri]",Ricchi e Poveri
Zucchero,Zucchero Fornaciari